Username,Email,City,State
harveytara,swatson@example.net,East Robertborough,Mississippi
john64,jgross@example.net,Sherryburgh,Hawaii
ashley31,chandleramanda@example.net,North Davidview,Wisconsin
yharrison,aadams@example.org,New Amberstad,Indiana
emilyarroyo,charlesrobinson@example.com,Lovechester,Ohio
james53,vasquezstephanie@example.net,Martinezton,Montana
david89,kimberly75@example.net,Lake Jennifer,Maryland
kimberly03,joserichardson@example.net,East Angelshire,West Virginia
stacy11,jcortez@example.com,East Sabrinachester,Oregon
alisha46,diane00@example.org,Sarahmouth,Vermont
thomasnatasha,keithbuchanan@example.com,Longview,New Jersey
adamrhodes,jwood@example.com,South Saraberg,Idaho
denise54,pmorris@example.com,South Lindsay,Massachusetts
brianking,monicameyer@example.net,Lake Karl,New Hampshire
reedsamantha,pmcdaniel@example.net,East Stanleyville,Oklahoma
joseph83,lisa73@example.org,West Timothyfort,Maine
julie55,kelseyhayes@example.org,Bakerview,Massachusetts
vbrandt,joy82@example.net,Isaacstad,Iowa
benjamin15,sglass@example.net,Port Christina,West Virginia
joseph81,jdominguez@example.org,Cardenasville,Alabama
gacosta,uschwartz@example.net,East Mark,Hawaii
brookerivers,dianarodriguez@example.org,Huberstad,Utah
gilescourtney,markwebb@example.net,South Breannaberg,Illinois
jordanrogers,christopher81@example.com,Port Katie,Pennsylvania
costadavid,amy69@example.com,Reginaldmouth,Pennsylvania
garnerjulie,orasmussen@example.com,Michaelland,Alaska
daychristopher,priscilla45@example.org,Lake Nicholas,West Virginia
mark07,samantha48@example.org,Leahtown,Wisconsin
robertobecker,kshaw@example.org,Julieberg,Massachusetts
matthewbell,shawcynthia@example.net,Barkerborough,Montana
jamesdesiree,laura98@example.org,Port Amyland,Wisconsin
tramirez,ybryan@example.com,Johnsonton,Hawaii
savagecarolyn,davidwells@example.org,Port Robertastad,Virginia
teresaking,richardrobinson@example.net,Martinville,Arkansas
christopher35,micheleolsen@example.org,Bakerview,Nebraska
carrie12,ravenwolfe@example.com,Port Shelley,North Carolina
timothychang,paulapaul@example.org,New Sarah,Virginia
andersencurtis,smithkevin@example.net,Lake Angela,Hawaii
stevenjohnson,teresagriffin@example.org,Strongview,Vermont
meghan34,imcguire@example.org,Adamsborough,Alaska
gonzaleznancy,wallsmark@example.net,New Roberttown,Maryland
brownbethany,kellybryan@example.org,Lake Johnhaven,Mississippi
katrina58,jameslove@example.org,East John,California
tarabarnes,kwilliams@example.com,Floydburgh,Kentucky
thomascory,ericareilly@example.org,Holtborough,Utah
perry95,michael65@example.net,Brownstad,New Jersey
gnewman,jwilliams@example.com,East Charleschester,Ohio
kochkristina,kathleen85@example.org,Lake Pedro,Colorado
davidwilson,kevin89@example.net,Elizabethfort,South Dakota
gregory60,rwhite@example.com,South Jason,Montana
